代碼,類型,貨號,名稱,已發佈,是特色商品？,目錄的可見度,簡短描述,描述,折扣價開始日期,折扣價結束日期,稅金狀態,稅率類別,有庫存？,庫存,允許無庫存下單嗎？,單獨銷售?,"重量 (kg)","長 (cm)","寬 (cm)","高 (cm)",允許客戶評論嗎？,購買備註,促銷價,原價,分類,標籤,運送類別,圖片,下載限制,下載點過期天數,上層,組合商品,向上銷售,交叉型,外部網址,底部文字,位置,"屬性 1 名稱","屬性 1 值","屬性 1 可見","屬性 1 全域","屬性 1 預設","Meta: _wc_points_earned","Meta: _wc_points_max_discount","Meta: _jetpack_dont_email_post_to_subs","Meta: _rewardsystemcheckboxvalue","Meta: _rewardsystem_options","Meta: _rewardsystempoints","Meta: _rewardsystempercent","Meta: _referral_rewardsystem_options","Meta: _referralrewardsystempoints","Meta: _referralrewardsystempercent","Meta: _piereg_post_restriction","Meta: _wapo_disable_global","Meta: _wp_old_date","Meta: _low_stock_amount","Meta: fb_product_description","Meta: _wc_memberships_use_custom_product_viewing_restricted_message","Meta: _wc_memberships_use_custom_product_purchasing_restricted_message","Meta: _wc_memberships_force_public","Meta: _wc_memberships_exclude_discounts","Meta: fb_visibility","Meta: fb_product_group_id","Meta: fb_product_item_id","Meta: _wc_max_points_earned","Meta: _wc_min_points_earned","Meta: fb_image","Meta: _wpas_done_all","Meta: _affwp_woocommerce_product_rate"
7972,variable,A01,寵物皮膚專用艾毛寶,1,0,visible,"[block id=""homepage-slider""]
<a href=""https://pethospital.com.tw/lineat"" target=""_blank"" rel=""noopener""><img class=""aligncenter"" src=""https://scdn.line-apps.com/n/line_add_friends/btn/zh-Hant.png"" alt=""加入好友"" width=""232"" height=""36"" border=""0"" /></a>
<a href=""https://pethospital.com.tw/messenger"" target=""_blank"" rel=""noopener""><img class=""wp-image-9685 size-full"" src=""https://pethospital.com.tw/wp-content/uploads/2017/11/messengerfb.png"" alt=""messenger: 高藥師"" width=""72"" height=""72"" />聯繫高藥師Facebook</a>

法鬥唯一推薦的皮膚保健品：艾毛寶
<b>最推薦狗種：貴賓、法鬥、西施、臘腸、雪納瑞、瑪爾濟斯、西高地白梗（西莎狗)</b>","[block id=""shipping-weight""]

<h5>法鬥唯一推薦的皮膚保健品：艾毛寶</h5>
<!-- <a href=""/imbdescription?amp"" target=""_blank"" rel=""noopener""><img class=""alignnone wp-image-10555"" src=""https://img.xpets.org/wp-content/uploads/2016/09/ilink-02.jpg"" alt="""" width=""428"" height=""144"" /></a>  <a href=""/imbhowtouse?amp"" target=""_blank"" rel=""noopener""><img class=""alignnone wp-image-10556"" src=""https://img.xpets.org/wp-content/uploads/2016/09/ilink-03.jpg"" alt="""" width=""428"" height=""144"" /></a>  <a href=""/imbrecommend?amp"" target=""_blank"" rel=""noopener""><img class=""alignnone wp-image-10557"" src=""https://img.xpets.org/wp-content/uploads/2016/09/ilink-04.jpg"" alt="""" width=""428"" height=""144"" /></a>  <a href=""/imbtestimonial?amp"" target=""_blank"" rel=""noopener""><img class=""alignnone wp-image-10554"" src=""https://img.xpets.org/wp-content/uploads/2016/09/ilink-01.jpg"" alt="""" width=""428"" height=""144"" /></a> -->

<img class=""alignnone size-medium wp-image-10506"" src=""https://pethospital.com.tw/wp-content/uploads/2018/06/imbpd-5.jpg"" alt="""" width=""960"" height=""1581"" />

<img class=""alignnone size-medium wp-image-10495"" src=""https://pethospital.com.tw/wp-content/uploads/2018/06/imbwy-6.jpg"" alt="""" width=""960"" height=""4101"" />

[block id=""homepage-slider""]

[block id=""about_us""]",,,taxable,,1,,0,0,,,,,0,,,,保健食品,過敏,,"https://pethospital.com.tw/wp-content/uploads/2019/10/xPETs_pic14.jpg, https://pethospital.com.tw/wp-content/uploads/2018/08/031306.jpg, https://pethospital.com.tw/wp-content/uploads/2016/09/MIN_8622v2.jpg, https://pethospital.com.tw/wp-content/uploads/2016/09/imb_13v2.jpg",,,,,"A01-2, C01","M150N90, P01, A01-2, C01",,,4,規格,"40顆盒裝, 160顆罐裝(84折), 160顆罐裝 少賴皮",1,0,"160顆罐裝 少賴皮",50,600,1,yes,2,,2,2,,1,,no,2016-09-01,,,no,no,no,no,1,2592038267588822,2592038284255487,200,50,,,
8304,variable,C01,少賴皮洗毛精(效期2027/1)買一贈一,1,0,visible,"神奇洗劑升級版！
<strong>台灣三瓶八折優惠中(7-11、便利帶宅配、到店自取)</strong>
有任何問題請和我聯絡
<a href=""https://pethospital.com.tw/lineat"" target=""_blank"" rel=""noopener""><img class=""aligncenter"" src=""https://scdn.line-apps.com/n/line_add_friends/btn/zh-Hant.png"" alt=""加入好友"" width=""232"" height=""36"" border=""0"" /></a>
<a href=""https://pethospital.com.tw/messenger"" target=""_blank"" rel=""noopener""><img class=""wp-image-9685 size-full"" src=""https://pethospital.com.tw/wp-content/uploads/2017/11/messengerfb.png"" alt=""messenger: 高藥師"" width=""72"" height=""72"" />聯繫高藥師Facebook</a>","[block id=""shipping-weight""]

神奇洗劑升級版！

<a href=""https://wa.me/886980347570"" rel=""noopener"" target=""_blank""><strong>海外配送(指台灣、香港、澳門以外的地區)貨運商禁運液體，如需購買請先與我聯絡，謝謝。</strong></a>

<img src=""https://pethospital.com.tw/wp-content/uploads/2019/12/imobo_59.jpg"" alt="""" width=""1795"" height=""2528"" class=""alignnone size-full wp-image-14173"" />

<img src=""https://pethospital.com.tw/wp-content/uploads/2019/12/imobo_60.jpg"" alt="""" width=""1795"" height=""2528"" class=""alignnone size-full wp-image-14174"" />

<img src=""https://pethospital.com.tw/wp-content/uploads/2019/12/imobo_62.jpg"" alt="""" width=""1795"" height=""1258"" class=""alignnone size-medium wp-image-14175"" />

<img src=""https://pethospital.com.tw/wp-content/uploads/2019/12/imobo_63.jpg"" alt="""" width=""1795"" height=""2528"" class=""alignnone size-full wp-image-14176"" />

[block id=""about_us""]",,,taxable,,1,,0,0,,,,,0,,,,外用洗劑,,,"https://pethospital.com.tw/wp-content/uploads/2019/10/NMS_4v4.jpg, https://pethospital.com.tw/wp-content/uploads/2019/10/NMS_4v5.jpg, https://pethospital.com.tw/wp-content/uploads/2019/10/NMS_4v4.jpg",,,,,A01,"P01, A01, M150N90",,,6,數量,"單瓶少賴皮, 少賴皮三瓶八折, 瓶裝艾毛寶加少賴皮",0,0,瓶裝艾毛寶加少賴皮,100,,,,,,,,,,,no,2017-05-14,,,no,no,no,no,1,2805510066167591,,18,18,,1,
8379,simple,D1,"M艾毛寶六盒裝 少賴皮",0,0,catalog,,"超級優惠組
有長期吃艾毛寶的朋友們，千萬不要錯過喲。",,,taxable,,0,,0,0,,,,,0,,,7201,優惠組合,過敏,,https://pethospital.com.tw/wp-content/uploads/2019/10/xPETs_pic19.jpg,,,,,,P01,,,44,,,,,,7,600,,,,,,,,,,no,2017-05-20,,,no,no,no,no,1,3302638203085694,3302638236419024,,,,1,
8635,simple,AB1,艾毛寶＋少賴皮優惠組(少賴皮效期2027/1，買一贈一),1,0,visible,"原優惠價艾毛寶1200元＋少賴皮優惠價450元
兩者合購只要1599元喲！！！等於少賴皮只要399元！
<a href=""https://pethospital.com.tw/lineat"" target=""_blank"" rel=""noopener""><img class=""aligncenter"" src=""https://scdn.line-apps.com/n/line_add_friends/btn/zh-Hant.png"" alt=""加入好友"" width=""232"" height=""36"" border=""0"" /></a>
<a href=""https://pethospital.com.tw/messenger"" target=""_blank"" rel=""noopener""><img class=""wp-image-9685 size-full"" src=""https://pethospital.com.tw/wp-content/uploads/2017/11/messengerfb.png"" alt=""messenger: 高藥師"" width=""72"" height=""72"" />聯繫高藥師Facebook</a>","[block id=""shipping-weight""]

<h5>建議購買此優惠組，給寵物寶貝最好的呵護！</h5>
<a href=""https://wa.me/886980347570"" rel=""noopener"" target=""_blank""><strong>海外配送(指台灣、香港、澳門以外的地區)貨運商禁運液體，如需購買請先與我聯絡，謝謝。</strong></a>
<h5>法鬥唯一推薦的皮膚保健品：艾毛寶</h5>
<!-- <a href=""/imbdescription?amp"" target=""_blank"" rel=""noopener""><img class=""alignnone wp-image-10555"" src=""https://img.xpets.org/wp-content/uploads/2016/09/ilink-02.jpg"" alt="""" width=""428"" height=""144"" /></a>  <a href=""/imbhowtouse?amp"" target=""_blank"" rel=""noopener""><img class=""alignnone wp-image-10556"" src=""https://img.xpets.org/wp-content/uploads/2016/09/ilink-03.jpg"" alt="""" width=""428"" height=""144"" /></a>  <a href=""/imbrecommend?amp"" target=""_blank"" rel=""noopener""><img class=""alignnone wp-image-10557"" src=""https://img.xpets.org/wp-content/uploads/2016/09/ilink-04.jpg"" alt="""" width=""428"" height=""144"" /></a>  <a href=""/imbtestimonial?amp"" target=""_blank"" rel=""noopener""><img class=""alignnone wp-image-10554"" src=""https://img.xpets.org/wp-content/uploads/2016/09/ilink-01.jpg"" alt="""" width=""428"" height=""144"" /></a> -->

<img class=""alignnone size-medium wp-image-10506"" src=""https://pethospital.com.tw/wp-content/uploads/2018/06/imbpd-5.jpg"" alt="""" width=""960"" height=""1581"" />

<img class=""alignnone size-medium wp-image-10495"" src=""https://pethospital.com.tw/wp-content/uploads/2018/06/imbwy-6.jpg"" alt="""" width=""960"" height=""4101"" />

[block id=""about_us""]",,,taxable,,1,,0,0,,,,,0,,1599,2160,"保健食品, 優惠組合",,,"https://pethospital.com.tw/wp-content/uploads/2019/10/xPETs_pic15.jpg, https://pethospital.com.tw/wp-content/uploads/2016/09/MIN_8622v2.jpg",,,,,,P01,,,7,,,,,,,600,,,,,,,,,,no,2017-06-21,,,no,no,no,no,1,3225257597502139,3225257630835469,,,,1,
8671,simple,D1-1,"艾毛寶三盒裝 少賴皮(少賴皮效期2027/1，買一贈一)",1,1,visible,"三盒艾毛寶＋少賴皮一瓶，等於少賴皮一瓶只要299元！

<a href=""https://pethospital.com.tw/lineat"" target=""_blank"" rel=""noopener""><img class=""aligncenter"" src=""https://scdn.line-apps.com/n/line_add_friends/btn/zh-Hant.png"" alt=""加入好友"" width=""232"" height=""36"" border=""0"" /></a>
<a href=""https://pethospital.com.tw/messenger"" target=""_blank"" rel=""noopener""><img class=""wp-image-9685 size-full"" src=""https://pethospital.com.tw/wp-content/uploads/2017/11/messengerfb.png"" alt=""messenger: 高藥師"" width=""72"" height=""72"" />聯繫高藥師Facebook</a>","[block id=""shipping-weight""]

<h5>適合想要給寵物寶貝長期調養，和單盒裝的優惠相比，又多便宜百元。</h5>
<a href=""https://wa.me/886980347570"" rel=""noopener"" target=""_blank""><strong>海外配送(指台灣、香港、澳門以外的地區)貨運商禁運液體，如需購買請先與我聯絡，謝謝。</strong></a>
<h5>法鬥唯一推薦的皮膚保健品：艾毛寶</h5>
<!-- <a href=""/imbdescription?amp"" target=""_blank"" rel=""noopener""><img class=""alignnone wp-image-10555"" src=""https://img.xpets.org/wp-content/uploads/2016/09/ilink-02.jpg"" alt="""" width=""428"" height=""144"" /></a>  <a href=""/imbhowtouse?amp"" target=""_blank"" rel=""noopener""><img class=""alignnone wp-image-10556"" src=""https://img.xpets.org/wp-content/uploads/2016/09/ilink-03.jpg"" alt="""" width=""428"" height=""144"" /></a>  <a href=""/imbrecommend?amp"" target=""_blank"" rel=""noopener""><img class=""alignnone wp-image-10557"" src=""https://img.xpets.org/wp-content/uploads/2016/09/ilink-04.jpg"" alt="""" width=""428"" height=""144"" /></a>  <a href=""/imbtestimonial?amp"" target=""_blank"" rel=""noopener""><img class=""alignnone wp-image-10554"" src=""https://img.xpets.org/wp-content/uploads/2016/09/ilink-01.jpg"" alt="""" width=""428"" height=""144"" /></a> -->

<img class=""alignnone size-medium wp-image-10506"" src=""https://pethospital.com.tw/wp-content/uploads/2018/06/imbpd-5.jpg"" alt="""" width=""960"" height=""1581"" />

<img class=""alignnone size-medium wp-image-10495"" src=""https://pethospital.com.tw/wp-content/uploads/2018/06/imbwy-6.jpg"" alt="""" width=""960"" height=""4101"" />

[block id=""about_us""]",,,taxable,,1,,0,0,,,,,0,,3899,4950,"保健食品, 優惠組合",過敏,,"https://pethospital.com.tw/wp-content/uploads/2019/10/xPETs_pic16.jpg, https://pethospital.com.tw/wp-content/uploads/2016/09/MIN_8622v2.jpg, https://pethospital.com.tw/wp-content/uploads/2016/09/imb_13v2.jpg",,,,,,"P01, M150N90",,,8,,,,,,390,600,,,,,,,,,,no,2017-06-25,,,no,no,no,no,1,2792296640791614,2792296650791613,,,,1,
8826,simple,T01,關節產品試用,0,0,hidden,"一份100顆錠劑。(因為數量有限，先開放一人一份)

目前每3公斤使用一顆。

ex：5公斤吃2顆！

保養的話一天一次。

不舒服的話，吃早晚。

成分：膠原蛋白、龜鹿二仙膠、薑黃、貓爪藤。(因為中藥組成，味道普通，請加入飼料）

原優惠價艾毛寶1200元＋少賴皮優惠價450元

兩者合購只要1599元喲！！！等於少賴皮只要399元！

<a href=""https://line.me/R/ti/p/@iqp5902n""><img src=""https://scdn.line-apps.com/n/line_add_friends/btn/zh-Hant.png"" alt=""加入好友"" height=""36"" border=""0"" /></a>","保養的話一天一次。
不舒服的話，吃早晚。",,,taxable,,0,,0,0,,,,,0,,500,1000,試用品,,,https://pethospital.com.tw/wp-content/uploads/2019/06/pet_joint.jpg,,,,,,,,,51,,,,,,100,,,,,,,,,,,no,,,,,,,,1,1250217845103433,1250217851770099,,,,1,
9149,variable,A07,活力始康(飼主用),1,0,hidden,"<a href=""https://pethospital.com.tw/lineat"" target=""_blank"" rel=""noopener""><img class=""aligncenter"" src=""https://i.imgur.com/epiisSh.png"" alt=""加入好友"" width=""232"" height=""36"" border=""0"" /></a>

<p style=""text-align: left"">專門為飼主提供，飼主因為照顧寶貝，引起壓力大，導致排便不順嗎???</p>
<p style=""text-align: left"">高藥師研發三大保證</p>

<ol>
 	<li style=""text-align: left"">保證不含西藥</li>
 	<li style=""text-align: left""><span style=""color: #ed1c24"">保證不會肚子痛</span></li>
 	<li style=""text-align: left"">保證好用</li>
</ol>
&nbsp;

原價一包 120元。特價 99元。","<a href=""https://wa.me/886980347570"" target=""_blank"" rel=""noopener""><img class=""size-full"" src=""https://i.imgur.com/zyFL8Po.png"" alt=""WhatsApp:  886980347570"" width=""232"" height=""72""></a> <a href=""https://m.me/liverxnet"" target=""_blank"" rel=""noopener""><img class=""wp-image-9685 size-full"" src=""https://i.imgur.com/Wx44lJf.png"" alt=""messenger: 活力藥師網"" width=""72"" height=""72""></a>
[caption id="""" align=""alignnone"" width=""232""]<a href=""https://ae01.alicdn.com/kf/HTB1sGLPaPDuK1Rjy1zjq6zraFXaj.jpg"" target=""_blank"" rel=""noopener""><img src=""https://ae01.alicdn.com/kf/HTB1I8zGaUvrK1RjSszf760JNVXab.png"" alt=""wechat id: arguskao"" width=""232"" height=""72"" /></a> wechat id: arguskao[/caption]

<p style=""text-align: left"">專門為飼主提供，飼主因為照顧寶貝，引起壓力大，導致排便不順嗎???</p>
<p style=""text-align: left"">高藥師研發三大保證</p>

<ol>
 	<li style=""text-align: left"">保證不含西藥</li>
 	<li style=""text-align: left""><span style=""color: #ed1c24"">保證不會肚子痛</span></li>
 	<li style=""text-align: left"">保證好用</li>
</ol>
<img class=""alignnone"" src=""https://img.xpets.org/wp-content/uploads/2017/08/S-01.jpg"" alt="""" width=""971"" height=""1001"" />

<img class=""alignnone"" src=""https://img.xpets.org/wp-content/uploads/2017/08/S-02.jpg"" alt="""" width=""971"" height=""1081"" />

<img class=""alignnone"" src=""https://img.xpets.org/wp-content/uploads/2017/08/S-03.jpg"" alt="""" width=""971"" height=""799"" />

<img class=""alignnone"" src=""https://img.xpets.org/wp-content/uploads/2017/08/S-04.jpg"" alt="""" width=""971"" height=""4101"" />

<img class=""alignnone"" src=""https://img.xpets.org/wp-content/uploads/2017/08/S-05.jpg"" alt="""" width=""971"" height=""4101"" />

<img class=""alignnone"" src=""https://pethospital.com.tw/wp-content/uploads/2017/08/S-06.jpg"" alt="""" width=""971"" height=""551"" />

<img class=""alignnone"" src=""https://img.xpets.org/wp-content/uploads/2017/08/S-07.jpg"" alt="""" width=""970"" height=""801"" />

<img class=""alignnone"" src=""https://img.xpets.org/wp-content/uploads/2017/08/S-08.jpg"" alt="""" width=""971"" height=""640"" />",,,taxable,,0,,0,0,,,,,0,,,,"保健食品, 飼主用",,,https://pethospital.com.tw/wp-content/uploads/2017/08/NMS_9856_v2.jpg,,,,,,,,,41,數量,"單包, 十包",1,0,十包,100,,,,,,,,,,,no,,,,no,no,no,no,1,,,,,,1,
9242,simple,A08,食品級矽藻土（超優質）,1,0,search,"100g試用裝！

矽藻土作用，請自己上網搜尋！
本產品不同於傳統美國矽藻土，效果比較好！
可以在平常不洗澡時候，抹於寵物身上，可以達到除蟲功效！
安全無毒，可食用。","食品級矽藻土
本產品不同於傳統美國矽藻土，效果比較好！
可以在平常不洗澡時候，抹於寵物身上，可以達到除蟲功效！
安全無毒，可食用。",,,taxable,,1,,0,0,,,,,0,,50,100,試用品,矽藻土,,https://pethospital.com.tw/wp-content/uploads/2017/08/pet_algae.jpg,,,,,,,,,43,,,,,,10,,,,,,,,,,,no,,,,,,,,,,,,,,,
10034,"simple, virtual",R1,補運費,1,0,search,跨境/超重/補寄補運費,跨境/超重/補寄補運費,,,taxable,,1,,0,0,,,,,0,,,200,試用品,,,https://pethospital.com.tw/wp-content/uploads/2018/04/pet_resend_shipping.jpg,,,,,,,,,48,,,,,,0,0,,,,,,,,,,no,,,,,,,,,,,,,,,
10079,variable,M01,100%純鮮肉毛飽雞肉條(四種口味),0,0,hidden,,"品牌理念： 毛飽寵物零食的信念，是我們對毛寶貝身體健康的堅持。 因此開發了一系列產品，自家烘焙、<span style=""color: #ed1c24;"">天然食材無添加</span>， 人食等級的零食讓他們可以與主人一起享用， 吃的開心也吃得健康。

天然，我們的基本訴求

食物的本質，就是天然食材甘美鮮味。捨棄了過多食品添加物，抗氧化劑，<span style=""color: #ed1c24;"">100% 全肉製作不摻粉</span>。於烘焙時要求低含水量低溫長時間烘焙，殺菌保鮮。

簡約，最樸素的包裝。

應用牛皮紙、模造紙最基礎的紙材，簡樸的包裝設計， 搭配原始食材的呈現，要 求真空保鮮，拉鍊袋方便保存不管是自家毛寶貝用，或贈送朋友家的毛小孩都很時尚大方。

豐富的維生素與胺基酸類，可強化免疫力、保養皮膚健康。

產品名稱：毛飽雞肉條(原味/芝麻/地瓜/紅蘿蔔）

產品成份：台灣本土雞肉

成分分析：每100g（熱量 104大卡、粗蛋白 22.4 g、粗脂肪 0.9 g、 粗纖維 0g 、灰分 1.1g、水分 5%、鈉 49mg）

產品重量：75g

適用對象：全貓、全狗

保存期限：12個月，拆封後請冷藏三週內食用完畢。

製造日期：如包裝上標示

營業地址：肥貓故事館 台南市中西區神農街135號

&nbsp;",,,taxable,,1,500,0,0,,,,,0,,,,試用品,雞肉條,,https://pethospital.com.tw/wp-content/uploads/2018/05/cutlet9.jpg,,,,,,,,,45,口味,"芝麻, 原味, 地瓜, 馬鈴薯, 亞麻籽, 紅蘿蔔",0,0,地瓜,,,,,,,,,,,,no,2018-04-01,0,,,,,,staging,2593075704065755,,90,90,,,
10413,variation,,"100%純鮮肉毛飽雞肉條(四種口味) - 芝麻",1,0,hidden,,,,,taxable,parent,1,20,0,0,,,,,0,,180,200,,,,https://pethospital.com.tw/wp-content/uploads/2018/05/cutlet6.jpg,,,M01,,,,,,1,口味,芝麻,,0,,90,,,,,,,,,,,,,,,,,,,staging,,2057213137730331,,,,,5
10414,variation,,"100%純鮮肉毛飽雞肉條(四種口味) - 原味",1,0,hidden,,,,,taxable,parent,1,15,0,0,,,,,0,,180,200,,,,https://pethospital.com.tw/wp-content/uploads/2018/05/cutlet9.jpg,,,M01,,,,,,2,口味,原味,,0,,90,,,,,,,,,,,,,,,,,,,staging,,1770216213088124,,,,,5
10415,variation,,"100%純鮮肉毛飽雞肉條(四種口味) - 地瓜",1,0,hidden,,,,,taxable,parent,1,20,0,0,,,,,0,,180,200,,,,https://pethospital.com.tw/wp-content/uploads/2018/05/cutlet7.jpg,,,M01,,,,,,3,口味,地瓜,,0,,90,,,,,,,,,,,,,,,,,,,staging,,1969686426448290,,,,,5
10418,variation,,"100%純鮮肉毛飽雞肉條(四種口味) - 紅蘿蔔",1,0,hidden,,,,,taxable,parent,0,0,0,0,,,,,0,,180,200,,,,https://pethospital.com.tw/wp-content/uploads/2018/05/cutlet2.jpg,,,M01,,,,,,4,口味,紅蘿蔔,,0,,90,,,,,,,,,,,,,,,,,,,staging,,2157466954314333,,,,,5
11048,simple,D1-2,M艾毛寶六盒裝,0,0,catalog,,,,,taxable,,0,0,0,0,,,,,0,,,7200,優惠組合,過敏,,https://pethospital.com.tw/wp-content/uploads/2019/10/xPETs_pic17.jpg,,,,,,P01,,,49,,,,,,0,600,,,,,,,,,,no,2017-05-20,0,,no,no,no,no,1,3476249002445445,3476249025778776,,,,1,
11800,simple,D1-3,M艾毛寶七盒裝,0,0,catalog,,,,,taxable,,0,,0,0,,,,,0,,,8400,優惠組合,過敏,,https://pethospital.com.tw/wp-content/uploads/2019/10/xPETs_pic18.jpg,,,,,,P01,,,46,,,,,,0,600,,,,,,,,,,no,2017-05-20,0,,no,no,no,no,1,2646588618789244,2646588642122575,,,,1,
11929,variation,,"少賴皮洗毛精(效期2027/1)買一贈一 - 單瓶少賴皮",1,0,visible,,,,,taxable,parent,1,,0,0,,,,,0,,450,690,,,,https://pethospital.com.tw/wp-content/uploads/2019/10/NMS_4v4.jpg,,,C01,,,"P01, A01, M150N90",,,1,數量,單瓶少賴皮,,0,,18,150,,,,,,,,,,,,,,,,,,1,,2678891935520883,,,,,
11930,variation,,"少賴皮洗毛精(效期2027/1)買一贈一 - 少賴皮三瓶八折",1,0,visible,,,,,taxable,parent,1,,0,0,,,,,0,,1350,2070,,,,https://pethospital.com.tw/wp-content/uploads/2019/10/NMS_4v5.jpg,,,C01,,,"P01, A01, M150N90",,,2,數量,少賴皮三瓶八折,,0,,,450,,,,,,,,,,,,,,,,,,1,,3012278198803202,,,,,
12115,simple,E01,"寵物關節專用草上飛plus 150顆瓶裝",1,0,visible,"草上飛plus版正式上市，原<strong>草上飛</strong>升級版

每瓶150顆裝

<a href=""https://pethospital.com.tw/lineat"" target=""_blank"" rel=""noopener""><img class=""aligncenter"" src=""https://scdn.line-apps.com/n/line_add_friends/btn/zh-Hant.png"" alt=""加入好友"" width=""232"" height=""36"" border=""0"" /></a>
<a href=""https://pethospital.com.tw/messenger"" target=""_blank"" rel=""noopener""><img class=""wp-image-9685 size-full"" src=""https://pethospital.com.tw/wp-content/uploads/2017/11/messengerfb.png"" alt=""messenger: 高藥師"" width=""72"" height=""72"" />聯繫高藥師Facebook</a>","草上飛plus版正式上市，原草上飛升級版

成分：綠唇貝、膠原蛋白、龜鹿二仙膠、玻尿酸、貓爪藤

每瓶150顆裝

&lt;!-- <a href=""/ftgdescription?amp"" target=""_blank"" rel=""noopener""><img class=""alignnone wp-image-10555"" src=""https://img.xpets.org/wp-content/uploads/2016/09/ilink-02.jpg"" alt="""" width=""428"" height=""144"" /></a>  <a href=""/ftghowtouse?amp"" target=""_blank"" rel=""noopener""><img class=""alignnone wp-image-10556"" src=""https://img.xpets.org/wp-content/uploads/2016/09/ilink-03.jpg"" alt="""" width=""428"" height=""144"" /></a>  <a href=""/ftgrecommend?amp"" target=""_blank"" rel=""noopener""><img class=""alignnone wp-image-10557"" src=""https://img.xpets.org/wp-content/uploads/2016/09/ilink-04.jpg"" alt="""" width=""428"" height=""144"" /></a>  <img class=""alignnone wp-image-10554"" src=""https://img.xpets.org/wp-content/uploads/2016/09/ilink-01.jpg"" alt="""" width=""428"" height=""144"" /> --&gt;

使用方法：體重十公斤一顆

<img class=""alignnone size-full wp-image-12906"" src=""https://pethospital.com.tw/wp-content/uploads/2019/09/F_29.jpg"" alt="""" width=""1795"" height=""2528"" /> <img class=""alignnone size-full wp-image-12907"" src=""https://pethospital.com.tw/wp-content/uploads/2019/09/F_30.jpg"" alt="""" width=""1795"" height=""2528"" /> <img class=""alignnone size-full wp-image-12908"" src=""https://pethospital.com.tw/wp-content/uploads/2019/09/F_31.jpg"" alt="""" width=""1795"" height=""2528"" />

<img class=""alignnone size-full wp-image-12894"" src=""https://pethospital.com.tw/wp-content/uploads/2019/09/F_10.jpg"" alt="""" width=""1795"" height=""2528"" />

定價150顆/1800元！

[block id=""about_us""]",,,taxable,,1,4,0,0,,,,,0,,2000,2500,保健食品,關節保健,,"https://pethospital.com.tw/wp-content/uploads/2019/10/xPETs_pic20.jpg, https://pethospital.com.tw/wp-content/uploads/2019/09/F_07.jpg",,,,,,"P01, M150N90",,,9,,,,,,,600,,,,,,,,,,no,,,,no,no,no,no,1,2929551690408678,2929551703742010,,,,,
12417,simple,A01-E01,艾毛寶＋草上飛plus優惠組,1,0,visible,"草上飛plus版正式上市，原<strong>草上飛</strong>升級版

草上飛plus每瓶150顆裝

<strong>台灣免運優惠中(7-11、便利帶宅配)</strong>
<a href=""https://pethospital.com.tw/lineat"" target=""_blank"" rel=""noopener""><img class=""aligncenter"" src=""https://scdn.line-apps.com/n/line_add_friends/btn/zh-Hant.png"" alt=""加入好友"" width=""232"" height=""36"" border=""0"" /></a>
<a href=""https://pethospital.com.tw/messenger"" target=""_blank"" rel=""noopener""><img class=""wp-image-9685 size-full"" src=""https://pethospital.com.tw/wp-content/uploads/2017/11/messengerfb.png"" alt=""messenger: 高藥師"" width=""72"" height=""72"" />聯繫高藥師Facebook</a>","草上飛plus版正式上市，原草上飛升級版

成分：綠唇貝、膠原蛋白、龜鹿二仙膠、玻尿酸、貓爪藤

草上飛plus每瓶150顆裝

<!-- <a href=""/ftgdescription?amp"" target=""_blank"" rel=""noopener""><img class=""alignnone wp-image-10555"" src=""https://img.xpets.org/wp-content/uploads/2016/09/ilink-02.jpg"" alt="""" width=""428"" height=""144"" /></a>  <a href=""/ftghowtouse?amp"" target=""_blank"" rel=""noopener""><img class=""alignnone wp-image-10556"" src=""https://img.xpets.org/wp-content/uploads/2016/09/ilink-03.jpg"" alt="""" width=""428"" height=""144"" /></a>  <a href=""/ftgrecommend?amp"" target=""_blank"" rel=""noopener""><img class=""alignnone wp-image-10557"" src=""https://img.xpets.org/wp-content/uploads/2016/09/ilink-04.jpg"" alt="""" width=""428"" height=""144"" /></a>  <img class=""alignnone wp-image-10554"" src=""https://img.xpets.org/wp-content/uploads/2016/09/ilink-01.jpg"" alt="""" width=""428"" height=""144"" /> -->

使用方法：體重五公斤一顆

<img class=""alignnone size-full wp-image-12906"" src=""https://pethospital.com.tw/wp-content/uploads/2019/09/F_29.jpg"" alt="""" width=""1795"" height=""2528"" /> <img class=""alignnone size-full wp-image-12907"" src=""https://pethospital.com.tw/wp-content/uploads/2019/09/F_30.jpg"" alt="""" width=""1795"" height=""2528"" /> <img class=""alignnone size-full wp-image-12908"" src=""https://pethospital.com.tw/wp-content/uploads/2019/09/F_31.jpg"" alt="""" width=""1795"" height=""2528"" />

[block id=""about_us""]",,,taxable,,1,2,0,0,,,,,0,,2800,3000,優惠組合,"過敏, 關節保健",,"https://pethospital.com.tw/wp-content/uploads/2019/10/xPETs_pic21.jpg, https://pethospital.com.tw/wp-content/uploads/2019/09/F_07.jpg",,,,,,P01,,,10,,,,,,,600,,,,,,,,,,no,,,,no,no,no,no,1,2711369735612377,2711369752279042,,,,,
12419,simple,AB1-E01,艾毛寶＋少賴皮(少賴皮效期2027/1，買一贈一)＋草上飛plus,1,0,visible,"草上飛plus版正式上市，原<strong>草上飛</strong>升級版

草上飛plus每瓶150顆裝

<a href=""https://pethospital.com.tw/lineat"" target=""_blank"" rel=""noopener""><img class=""aligncenter"" src=""https://scdn.line-apps.com/n/line_add_friends/btn/zh-Hant.png"" alt=""加入好友"" width=""232"" height=""36"" border=""0"" /></a>
<a href=""https://pethospital.com.tw/messenger"" target=""_blank"" rel=""noopener""><img class=""wp-image-9685 size-full"" src=""https://pethospital.com.tw/wp-content/uploads/2017/11/messengerfb.png"" alt=""messenger: 高藥師"" width=""72"" height=""72"" />聯繫高藥師Facebook</a>","草上飛plus版正式上市，原草上飛升級版

成分：綠唇貝、膠原蛋白、龜鹿二仙膠、玻尿酸、貓爪藤

草上飛plus每瓶150顆裝

<!-- <a href=""/ftgdescription?amp"" target=""_blank"" rel=""noopener""><img class=""alignnone wp-image-10555"" src=""https://img.xpets.org/wp-content/uploads/2016/09/ilink-02.jpg"" alt="""" width=""428"" height=""144"" /></a>  <a href=""/ftghowtouse?amp"" target=""_blank"" rel=""noopener""><img class=""alignnone wp-image-10556"" src=""https://img.xpets.org/wp-content/uploads/2016/09/ilink-03.jpg"" alt="""" width=""428"" height=""144"" /></a>  <a href=""/ftgrecommend?amp"" target=""_blank"" rel=""noopener""><img class=""alignnone wp-image-10557"" src=""https://img.xpets.org/wp-content/uploads/2016/09/ilink-04.jpg"" alt="""" width=""428"" height=""144"" /></a>  <img class=""alignnone wp-image-10554"" src=""https://img.xpets.org/wp-content/uploads/2016/09/ilink-01.jpg"" alt="""" width=""428"" height=""144"" /> -->

使用方法：體重五公斤一顆

<img class=""alignnone size-full wp-image-12906"" src=""https://pethospital.com.tw/wp-content/uploads/2019/09/F_29.jpg"" alt="""" width=""1795"" height=""2528"" /> <img class=""alignnone size-full wp-image-12907"" src=""https://pethospital.com.tw/wp-content/uploads/2019/09/F_30.jpg"" alt="""" width=""1795"" height=""2528"" /> <img class=""alignnone size-full wp-image-12908"" src=""https://pethospital.com.tw/wp-content/uploads/2019/09/F_31.jpg"" alt="""" width=""1795"" height=""2528"" />

[block id=""about_us""]",,,taxable,,1,1,0,0,,,,,0,,3000,3450,優惠組合,"過敏, 關節保健",,"https://pethospital.com.tw/wp-content/uploads/2019/10/xPETs_pic22.jpg, https://pethospital.com.tw/wp-content/uploads/2019/09/F_07.jpg",,,,,,P01,,,12,,,,,,,600,,,,,,,,,,no,,,,no,no,no,no,1,3161706983857272,3161707000523937,,,,,
12420,simple,D1-1-E01,艾毛寶三盒裝＋少賴皮(少賴皮效期2027/1，買一贈一)＋草上飛plus,1,0,visible,"草上飛plus版正式上市，原<strong>草上飛</strong>升級版

草上飛plus每瓶150顆裝

<a href=""https://pethospital.com.tw/lineat"" target=""_blank"" rel=""noopener""><img class=""aligncenter"" src=""https://scdn.line-apps.com/n/line_add_friends/btn/zh-Hant.png"" alt=""加入好友"" width=""232"" height=""36"" border=""0"" /></a>
<a href=""https://pethospital.com.tw/messenger"" target=""_blank"" rel=""noopener""><img class=""wp-image-9685 size-full"" src=""https://pethospital.com.tw/wp-content/uploads/2017/11/messengerfb.png"" alt=""messenger: 高藥師"" width=""72"" height=""72"" />聯繫高藥師Facebook</a>","草上飛plus版正式上市，原草上飛升級版

成分：綠唇貝、膠原蛋白、龜鹿二仙膠、玻尿酸、貓爪藤

草上飛plus每瓶150顆裝

<!-- <a href=""/ftgdescription?amp"" target=""_blank"" rel=""noopener""><img class=""alignnone wp-image-10555"" src=""https://img.xpets.org/wp-content/uploads/2016/09/ilink-02.jpg"" alt="""" width=""428"" height=""144"" /></a>  <a href=""/ftghowtouse?amp"" target=""_blank"" rel=""noopener""><img class=""alignnone wp-image-10556"" src=""https://img.xpets.org/wp-content/uploads/2016/09/ilink-03.jpg"" alt="""" width=""428"" height=""144"" /></a>  <a href=""/ftgrecommend?amp"" target=""_blank"" rel=""noopener""><img class=""alignnone wp-image-10557"" src=""https://img.xpets.org/wp-content/uploads/2016/09/ilink-04.jpg"" alt="""" width=""428"" height=""144"" /></a>  <img class=""alignnone wp-image-10554"" src=""https://img.xpets.org/wp-content/uploads/2016/09/ilink-01.jpg"" alt="""" width=""428"" height=""144"" /> -->

使用方法：體重五公斤一顆

<img class=""alignnone size-full wp-image-12906"" src=""https://pethospital.com.tw/wp-content/uploads/2019/09/F_29.jpg"" alt="""" width=""1795"" height=""2528"" /> <img class=""alignnone size-full wp-image-12907"" src=""https://pethospital.com.tw/wp-content/uploads/2019/09/F_30.jpg"" alt="""" width=""1795"" height=""2528"" /> <img class=""alignnone size-full wp-image-12908"" src=""https://pethospital.com.tw/wp-content/uploads/2019/09/F_31.jpg"" alt="""" width=""1795"" height=""2528"" />

[block id=""about_us""]",,,taxable,,1,1,0,0,,,,,0,,5000,5850,優惠組合,"過敏, 關節保健",,"https://pethospital.com.tw/wp-content/uploads/2019/10/xPETs_pic23.jpg, https://pethospital.com.tw/wp-content/uploads/2019/09/F_07.jpg",,,,,,"P01, M150N90",,,13,,,,,,,600,,,,,,,,,,no,,,,no,no,no,no,1,3016618645022979,3016618681689642,,,,,
14238,simple,P01,伸縮觸控中性筆(10元加購),1,0,hidden,"書寫、觸控、手機架三合一
原價30，與保健/洗劑/優惠組合商品搭配只要10元。","<img src=""https://pethospital.com.tw/wp-content/uploads/2020/01/2020pen_v2.jpg"" alt="""" width=""1200"" height=""1751"" class=""alignnone size-full wp-image-14240"" />",,,taxable,,1,,0,1,,,,,0,,,30,周邊商品,,,https://pethospital.com.tw/wp-content/uploads/2020/01/2020pen.jpg,,,,,,,,,50,類型,中性筆,1,0,,,,,,,,,,,,,no,2017-01-18,,,no,no,no,no,,2654248141334189,2654248144667522,,,,,
14244,simple,Y01,寵物護眼專用黑木童,1,0,visible,"<a href=""https://pethospital.com.tw/lineat"" target=""_blank"" rel=""noopener""><img class=""aligncenter"" src=""https://scdn.line-apps.com/n/line_add_friends/btn/zh-Hant.png"" alt=""加入好友"" width=""232"" height=""36"" border=""0"" /></a>
<a href=""https://pethospital.com.tw/messenger"" target=""_blank"" rel=""noopener""><img class=""wp-image-9685 size-full"" src=""https://pethospital.com.tw/wp-content/uploads/2017/11/messengerfb.png"" alt=""messenger: 高藥師"" width=""72"" height=""72"" />聯繫高藥師Facebook</a>","成分：葉黃素、玉米黃素、Crocetin、牛樟芝、Se(硒)、Zn(鋅)

[block id=""about_us""]",,,taxable,,1,,0,0,,,,,0,,1800,2000,保健食品,葉黃素,,https://pethospital.com.tw/wp-content/uploads/2020/01/H01.jpg,,,,,,M150N90,,,11,,,,,,200,,,,,,,,,,,no,,,,no,no,no,no,1,2750788238342156,2750788251675488,,,,,
14303,simple,A01-1,寵物皮膚專用艾毛寶(加購),'-1,0,hidden,"<a href=""https://line.me/R/ti/p/@lyz2038r"" target=""_blank"" rel=""noopener""><img class=""aligncenter"" src=""https://scdn.line-apps.com/n/line_add_friends/btn/zh-Hant.png"" alt=""加入好友"" width=""232"" height=""36"" border=""0"" /></a>
<a href=""https://pethospital.com.tw/messenger"" target=""_blank"" rel=""noopener""><img class=""wp-image-9685 size-full"" src=""https://pethospital.com.tw/wp-content/uploads/2017/11/messengerfb.png"" alt=""messenger: 高藥師"" width=""72"" height=""72"" />聯繫高藥師Facebook</a>

口罩加購方案，一個50元。

黑色或粉紅色兩種(可留言備註，或隨機發貨)，僅有大人尺寸。

歡迎直接與我們聯繫問詳情。","口罩加購方案
<a href=""https://line.me/R/ti/p/@lyz2038r"" target=""_blank"" rel=""noopener""><img class=""size-full"" src=""https://scdn.line-apps.com/n/line_add_friends/btn/zh-Hant.png"" alt=""加入好友"" width=""232"" height=""72"" border=""0""></a>

一個50元，黑色或粉紅色兩種(可留言備註，或隨機發貨)，僅有大人尺寸。

歡迎直接與我們聯繫問詳情。

<img src=""https://pethospital.com.tw/wp-content/uploads/2020/02/img83.jpg"" alt="""" width=""959"" height=""681"" class=""alignnone size-full wp-image-14305"" />

<h5>法鬥唯一推薦的皮膚保健品：艾毛寶</h5>
<a href=""/imbdescription?amp"" target=""_blank"" rel=""noopener""><img class=""alignnone wp-image-10555"" src=""https://img.xpets.org/wp-content/uploads/2016/09/ilink-02.jpg"" alt="""" width=""428"" height=""144"" /></a>  <a href=""/imbhowtouse?amp"" target=""_blank"" rel=""noopener""><img class=""alignnone wp-image-10556"" src=""https://img.xpets.org/wp-content/uploads/2016/09/ilink-03.jpg"" alt="""" width=""428"" height=""144"" /></a>  <a href=""/imbrecommend?amp"" target=""_blank"" rel=""noopener""><img class=""alignnone wp-image-10557"" src=""https://img.xpets.org/wp-content/uploads/2016/09/ilink-04.jpg"" alt="""" width=""428"" height=""144"" /></a>  <a href=""/imbtestimonial?amp"" target=""_blank"" rel=""noopener""><img class=""alignnone wp-image-10554"" src=""https://img.xpets.org/wp-content/uploads/2016/09/ilink-01.jpg"" alt="""" width=""428"" height=""144"" /></a>

<img class=""alignnone size-medium wp-image-10506"" src=""https://pethospital.com.tw/wp-content/uploads/2018/06/imbpd-5.jpg"" alt="""" width=""960"" height=""1581"" />

<img class=""alignnone size-medium wp-image-10495"" src=""https://pethospital.com.tw/wp-content/uploads/2018/06/imbwy-6.jpg"" alt="""" width=""960"" height=""4101"" />

[block id=""about_us""]",,,taxable,,1,,0,0,,,,,0,,1210,1500,保健食品,過敏,,"https://pethospital.com.tw/wp-content/uploads/2019/10/xPETs_pic14.jpg, https://pethospital.com.tw/wp-content/uploads/2020/02/img83.jpg, https://pethospital.com.tw/wp-content/uploads/2016/09/MIN_8622v2.jpg, https://pethospital.com.tw/wp-content/uploads/2016/09/imb_13v2.jpg",,,,,C01,"P01, C01",,,39,,,,,,50,600,1,yes,2,,2,2,,1,,no,2016-09-01,,,no,no,no,no,,3694511887255942,3694511977255933,,,,,
14306,simple,E01-1,寵物關節專用草上飛plus(加購),'-1,0,visible,"<a href=""https://line.me/R/ti/p/@lyz2038r"" target=""_blank"" rel=""noopener""><img class=""aligncenter"" src=""https://scdn.line-apps.com/n/line_add_friends/btn/zh-Hant.png"" alt=""加入好友"" width=""232"" height=""36"" border=""0"" /></a>
<a href=""https://pethospital.com.tw/messenger"" target=""_blank"" rel=""noopener""><img class=""wp-image-9685 size-full"" src=""https://pethospital.com.tw/wp-content/uploads/2017/11/messengerfb.png"" alt=""messenger: 活力藥師網"" width=""72"" height=""72"" />聯繫高藥師Facebook</a>

口罩加購方案，一個50元。

黑色或粉紅色兩種(可留言備註，或隨機發貨)，僅有大人尺寸。

歡迎直接與我們聯繫問詳情。","口罩加購方案
<a href=""https://line.me/R/ti/p/@lyz2038r"" target=""_blank"" rel=""noopener""><img class=""size-full"" src=""https://scdn.line-apps.com/n/line_add_friends/btn/zh-Hant.png"" alt=""加入好友"" width=""232"" height=""72"" border=""0""></a>

一個50元，黑色或粉紅色兩種(可留言備註，或隨機發貨)，僅有大人尺寸。

歡迎直接與我們聯繫問詳情。

<img src=""https://pethospital.com.tw/wp-content/uploads/2020/02/img83.jpg"" alt="""" width=""959"" height=""681"" class=""alignnone size-full wp-image-14305"" />

草上飛plus版正式上市，原草上飛升級版

成分：綠唇貝、膠原蛋白、龜鹿二仙膠、玻尿酸、貓爪藤

<a href=""/ftgdescription?amp"" target=""_blank"" rel=""noopener""><img class=""alignnone wp-image-10555"" src=""https://img.xpets.org/wp-content/uploads/2016/09/ilink-02.jpg"" alt="""" width=""428"" height=""144"" /></a>  <a href=""/ftghowtouse?amp"" target=""_blank"" rel=""noopener""><img class=""alignnone wp-image-10556"" src=""https://img.xpets.org/wp-content/uploads/2016/09/ilink-03.jpg"" alt="""" width=""428"" height=""144"" /></a>  <a href=""/ftgrecommend?amp"" target=""_blank"" rel=""noopener""><img class=""alignnone wp-image-10557"" src=""https://img.xpets.org/wp-content/uploads/2016/09/ilink-04.jpg"" alt="""" width=""428"" height=""144"" /></a>  <img class=""alignnone wp-image-10554"" src=""https://img.xpets.org/wp-content/uploads/2016/09/ilink-01.jpg"" alt="""" width=""428"" height=""144"" />

使用方法：體重五公斤一顆

<img class=""alignnone size-full wp-image-12906"" src=""https://pethospital.com.tw/wp-content/uploads/2019/09/F_29.jpg"" alt="""" width=""1795"" height=""2528"" /> <img class=""alignnone size-full wp-image-12907"" src=""https://pethospital.com.tw/wp-content/uploads/2019/09/F_30.jpg"" alt="""" width=""1795"" height=""2528"" /> <img class=""alignnone size-full wp-image-12908"" src=""https://pethospital.com.tw/wp-content/uploads/2019/09/F_31.jpg"" alt="""" width=""1795"" height=""2528"" />

<img class=""alignnone size-full wp-image-12894"" src=""https://pethospital.com.tw/wp-content/uploads/2019/09/F_10.jpg"" alt="""" width=""1795"" height=""2528"" />

定價150顆/1800元！但是....想要優惠300元的，請趕快跟我私訊，不要錯過喲！

[block id=""about_us""]",,,taxable,,0,,0,0,,,,,0,,2010,2500,保健食品,關節保健,,"https://pethospital.com.tw/wp-content/uploads/2019/10/xPETs_pic20.jpg, https://pethospital.com.tw/wp-content/uploads/2020/02/img83.jpg, https://pethospital.com.tw/wp-content/uploads/2019/09/F_07.jpg",,,,,,P01,,,40,,,,,,,600,,,,,,,,,,no,,,,no,no,no,no,,2811664578921677,2811664615588340,,,,,
14551,variation,,"活力始康(飼主用) - 單包",1,0,hidden,,,,,taxable,parent,0,,0,0,,,,,0,,,120,,,,https://pethospital.com.tw/wp-content/uploads/2017/08/NMS_9856_v2.jpg,,,A07,,,,,,1,數量,單包,,0,,,,,,,,,,,,,,,,,,,,,,,,,,,,
14552,variation,,"活力始康(飼主用) - 十包",1,0,hidden,,,,,taxable,parent,0,,0,0,,,,,0,,,1200,,,,https://pethospital.com.tw/wp-content/uploads/2017/08/NMS_9856_v2.jpg,,,A07,,,,,,2,數量,十包,,0,,,,,,,,,,,,,,,,,,,,,,,,,,,,
15026,simple,M150N90,"DR.Kao 神奇多功能口罩",1,0,hidden,"<a href=""https://wa.me/886980347570"" target=""_blank"" rel=""noopener""><img class=""size-full"" src=""https://i.imgur.com/zyFL8Po.png"" alt=""WhatsApp:  886980347570"" width=""232"" height=""72""></a>
一個50元，因庫存變動大，
顏色與尺寸請直接與我們聯繫確認是否有現貨。","<a href=""https://wa.me/886980347570"" target=""_blank"" rel=""noopener""><img class=""size-full"" src=""https://i.imgur.com/zyFL8Po.png"" alt=""WhatsApp:  886980347570"" width=""232"" height=""72""></a> <a href=""https://m.me/liverxnet"" target=""_blank"" rel=""noopener""><img class=""wp-image-9685 size-full"" src=""https://i.imgur.com/Wx44lJf.png"" alt=""messenger: 活力藥師網"" width=""72"" height=""72""></a>
[caption id="""" align=""alignnone"" width=""232""]<a href=""https://ae01.alicdn.com/kf/HTB1sGLPaPDuK1Rjy1zjq6zraFXaj.jpg"" target=""_blank"" rel=""noopener""><img src=""https://ae01.alicdn.com/kf/HTB1I8zGaUvrK1RjSszf760JNVXab.png"" alt=""wechat id: arguskao"" width=""232"" height=""72"" /></a> wechat id: arguskao[/caption]
一個50元，僅提供小包裝，非市面上大包裝一次性仿品，
顏色與尺寸請直接與我們聯繫確認是否有現貨。",,,taxable,,1,,0,0,,,,,0,,50,69,飼主用,,,"https://pethospital.com.tw/wp-content/uploads/2020/08/M150N90v1_1600.jpg, https://pethospital.com.tw/wp-content/uploads/2020/08/M150N90v2_1600.jpg",,,,,,,,,42,,,,,,1,10,,,,,,,,,,no,,,,no,no,no,no,1,,,,,,,
15483,simple,D1-3-1,"艾毛寶七盒裝(六贈一) (複製)",'-1,0,hidden,"超級優惠組，不多說
法鬥唯一推薦的皮膚保健品：艾毛寶
<a href=""https://pethospital.com.tw/lineat""><img src=""https://scdn.line-apps.com/n/line_add_friends/btn/zh-Hant.png"" alt=""加入好友"" height=""36"" border=""0"" /></a>

[caption id=""attachment_11295"" align=""aligncenter"" width=""232""]<a href=""https://ae01.alicdn.com/kf/HTB1sGLPaPDuK1Rjy1zjq6zraFXaj.jpg"" target=""_blank"" rel=""noopener""><img class=""wp-image-11295 size-full"" src=""https://pethospital.com.tw/wp-content/uploads/2019/01/wechat_add_friends.png"" alt=""wechat id: arguskao"" width=""232"" height=""72"" /></a> wechat id: arguskao[/caption]","<h5>超級優惠組，不多說</h5>
<h5>法鬥唯一推薦的皮膚保健品：艾毛寶</h5>
<img class=""alignnone wp-image-10555"" src=""https://pethospital.com.tw/wp-content/uploads/2016/09/ilink-02.jpg"" alt="""" width=""428"" height=""144"" />  <a href=""https://pethospital.com.tw/imbhowtouse?amp"" target=""_blank"" rel=""noopener""><img class=""alignnone wp-image-10556"" src=""https://pethospital.com.tw/wp-content/uploads/2016/09/ilink-03.jpg"" alt="""" width=""428"" height=""144"" /></a>  <img class=""alignnone wp-image-10557"" src=""https://pethospital.com.tw/wp-content/uploads/2016/09/ilink-04.jpg"" alt="""" width=""428"" height=""144"" />  <img class=""alignnone wp-image-10554"" src=""https://pethospital.com.tw/wp-content/uploads/2016/09/ilink-01.jpg"" alt="""" width=""428"" height=""144"" />",,,taxable,,1,4,notify,0,,,,,0,,7200,8700,試用品,過敏,,"https://pethospital.com.tw/wp-content/uploads/2019/10/xPETs_pic18.jpg, https://pethospital.com.tw/wp-content/uploads/2016/09/MIN_8622v2.jpg",,,,,,P01,,,47,,,,,,0,600,,,,,,,,,,no,2017-05-20,0,,no,no,no,no,1,,,,,,1,
17217,variable,A01-2,寵物皮膚專用艾毛寶(瓶裝),1,0,visible,"<a href=""https://pethospital.com.tw/lineat"" target=""_blank"" rel=""noopener""><img class=""aligncenter"" src=""https://scdn.line-apps.com/n/line_add_friends/btn/zh-Hant.png"" alt=""加入好友"" width=""232"" height=""36"" border=""0"" /></a>
<a href=""https://wa.me/886980347570"" target=""_blank"" rel=""noopener""><img class=""aligncenter"" src=""/wp-content/uploads/2019/06/whatsapp_o0611.png"" alt=""whatsapp"" width=""232"" height=""36"" border=""0"" /></a>

唯一推薦皮膚保健品：艾毛寶超值新瓶裝

每瓶含160顆艾毛寶，優惠直降17%","[block id=""shipping-weight""]

<h5>法鬥唯一推薦的皮膚保健品：艾毛寶</h5>
<!-- <a href=""/imbdescription?amp"" target=""_blank"" rel=""noopener""><img class=""alignnone wp-image-10555"" src=""https://img.xpets.org/wp-content/uploads/2016/09/ilink-02.jpg"" alt="""" width=""428"" height=""144"" /></a>  <a href=""/imbhowtouse?amp"" target=""_blank"" rel=""noopener""><img class=""alignnone wp-image-10556"" src=""https://img.xpets.org/wp-content/uploads/2016/09/ilink-03.jpg"" alt="""" width=""428"" height=""144"" /></a>  <a href=""/imbrecommend?amp"" target=""_blank"" rel=""noopener""><img class=""alignnone wp-image-10557"" src=""https://img.xpets.org/wp-content/uploads/2016/09/ilink-04.jpg"" alt="""" width=""428"" height=""144"" /></a>  <a href=""/imbtestimonial?amp"" target=""_blank"" rel=""noopener""><img class=""alignnone wp-image-10554"" src=""https://img.xpets.org/wp-content/uploads/2016/09/ilink-01.jpg"" alt="""" width=""428"" height=""144"" /></a> -->

<img class=""alignnone size-medium wp-image-10506"" src=""https://pethospital.com.tw/wp-content/uploads/2018/06/imbpd-5.jpg"" alt="""" width=""960"" height=""1581"" />

<img class=""alignnone size-medium wp-image-10495"" src=""https://pethospital.com.tw/wp-content/uploads/2018/06/imbwy-6.jpg"" alt="""" width=""960"" height=""4101"" />

[block id=""about_us""]",,,taxable,,1,,0,0,,,,,0,,,,"保健食品, 優惠組合",過敏,,"https://pethospital.com.tw/wp-content/uploads/2021/12/xPETs_pic19.jpg, https://pethospital.com.tw/wp-content/uploads/2016/09/MIN_8622v2.jpg, https://pethospital.com.tw/wp-content/uploads/2016/09/imb_13v2.jpg",,,,,C01,"P01, C01, M150N90",,,3,規格,"單瓶艾毛寶, 瓶裝艾毛寶加少賴皮",1,0,瓶裝艾毛寶加少賴皮,160,600,1,yes,2,,2,2,,1,,no,2016-09-01,,,no,no,no,no,1,,,,,,,
17255,variation,,"寵物皮膚專用艾毛寶 - 40顆盒裝",1,0,visible,,,,,taxable,parent,1,,0,0,,,,,0,,1200,1500,,,,https://pethospital.com.tw/wp-content/uploads/2019/10/xPETs_pic14.jpg,,,A01,,,"M150N90, P01, A01-2, C01",,,1,規格,40顆盒裝,,0,,50,600,,,,,,,,,,,,,,,,,,1,,,,,,,
17256,variation,,"寵物皮膚專用艾毛寶 - 160顆罐裝(84折)",1,0,visible,,,,,taxable,parent,1,,0,0,,,,,0,,4000,4800,,,,https://pethospital.com.tw/wp-content/uploads/2021/12/xPETs_pic19.jpg,,,A01,,,"M150N90, P01, A01-2, C01",,,2,規格,160顆罐裝(84折),,0,,200,600,,,,,,,,,,,,,,,,,,1,,,,,,,
18454,variation,,"寵物皮膚專用艾毛寶 - 160顆罐裝 少賴皮",1,0,visible,,"<span style=""color:red"">限時</span>促銷價：
瓶裝艾毛寶加<span style=""color:red"">1元多贈一瓶少賴皮</span>，<strong>4001元</strong>就能1 1吃加洗。

瓶裝艾毛寶加購少賴皮只要300元(少賴皮原價450元)
少賴皮體積較大，配送香港會以1kg運費計算，有問題請與聯絡我們。",,,taxable,parent,1,,0,0,,,,,0,,4001,5250,,,,https://pethospital.com.tw/wp-content/uploads/2018/08/031306.jpg,,,A01,,,"M150N90, P01, A01-2, C01",,,3,規格,"160顆罐裝 少賴皮",,0,,200,600,,,,,,,,,,,,,,,,,,,,,,,,,
18455,simple,AB1-1,艾毛寶160顆瓶裝＋少賴皮(少賴皮效期2027/1，買一贈一)優惠組,1,0,visible,"<span style=""color:red"">限時</span>促銷價：
瓶裝艾毛寶<span style=""color:red"">加1元多贈一瓶少賴皮</span>，<strong>4001元</strong>就能1 1吃加洗。

原優惠價艾毛寶4000元＋少賴皮優惠價450元
兩者合購只要4300元喲！！！等於少賴皮只要300元！
<a href=""https://pethospital.com.tw/lineat"" target=""_blank"" rel=""noopener""><img class=""aligncenter"" src=""https://scdn.line-apps.com/n/line_add_friends/btn/zh-Hant.png"" alt=""加入好友"" width=""232"" height=""36"" border=""0"" /></a>
<a href=""https://pethospital.com.tw/messenger"" target=""_blank"" rel=""noopener""><img class=""wp-image-9685 size-full"" src=""https://pethospital.com.tw/wp-content/uploads/2017/11/messengerfb.png"" alt=""messenger: 高藥師"" width=""72"" height=""72"" />聯繫高藥師Facebook</a>","[block id=""shipping-weight""]

<h5>建議購買此優惠組，給寵物寶貝最好的呵護！</h5>
<a href=""https://wa.me/886980347570"" target=""_blank"" rel=""noopener""><strong>海外配送(指台灣、香港、澳門以外的地區)貨運商禁運液體，如需購買請先與我聯絡，謝謝。</strong></a>
<h5>法鬥唯一推薦的皮膚保健品：艾毛寶</h5>
<!-- <a href=""/imbdescription?amp"" target=""_blank"" rel=""noopener""><img class=""alignnone wp-image-10555"" src=""https://img.xpets.org/wp-content/uploads/2016/09/ilink-02.jpg"" alt="""" width=""428"" height=""144"" /></a>  <a href=""/imbhowtouse?amp"" target=""_blank"" rel=""noopener""><img class=""alignnone wp-image-10556"" src=""https://img.xpets.org/wp-content/uploads/2016/09/ilink-03.jpg"" alt="""" width=""428"" height=""144"" /></a>  <a href=""/imbrecommend?amp"" target=""_blank"" rel=""noopener""><img class=""alignnone wp-image-10557"" src=""https://img.xpets.org/wp-content/uploads/2016/09/ilink-04.jpg"" alt="""" width=""428"" height=""144"" /></a>  <a href=""/imbtestimonial?amp"" target=""_blank"" rel=""noopener""><img class=""alignnone wp-image-10554"" src=""https://img.xpets.org/wp-content/uploads/2016/09/ilink-01.jpg"" alt="""" width=""428"" height=""144"" /></a> -->

<img class=""alignnone size-medium wp-image-10506"" src=""https://pethospital.com.tw/wp-content/uploads/2018/06/imbpd-5.jpg"" alt="""" width=""960"" height=""1581"" />

<img class=""alignnone size-medium wp-image-10495"" src=""https://pethospital.com.tw/wp-content/uploads/2018/06/imbwy-6.jpg"" alt="""" width=""960"" height=""4101"" />

[block id=""about_us""]",,,taxable,,1,,0,0,,,,,0,,4001,5250,"保健食品, 優惠組合",,,"https://pethospital.com.tw/wp-content/uploads/2018/08/031306.jpg, https://pethospital.com.tw/wp-content/uploads/2016/09/MIN_8622v2.jpg",,,,,,P01,,,5,,,,,,200,600,,,,,,,,,,no,2017-06-21,,,no,no,no,no,1,3225257597502139,3225257630835469,,,,1,
18545,simple,,寵物毛髮專用頂太豐,0,0,hidden,,,,,taxable,,0,,0,0,,,,,0,,,3000,試用品,,,,,,,,,,,,34,,,,,,,,,,,,,,,,,no,,,,,,,,,,,,,,,
18561,simple,,寵物護肝專用甘寧,0,0,hidden,,,,,taxable,,0,,0,0,,,,,0,,,2500,試用品,,,,,,,,,,,,37,,,,,,,,,,,,,,,,,no,,,,,,,,,,,,,,,
18563,simple,,寵物抗敏專用罩敏,0,0,hidden,,,,,taxable,,0,,0,0,,,,,0,,,3200,試用品,,,,,,,,,,,,32,,,,,,,,,,,,,,,,,no,,,,,,,,,,,,,,,
18567,simple,,寵物止癢專用賽西施,0,0,hidden,,,,,taxable,,0,,0,0,,,,,0,,,2500,試用品,,,,,,,,,,,,33,,,,,,,,,,,,,,,,,no,,,,,,,,,,,,,,,
18575,simple,,寵物活力專用連城璧,0,0,hidden,,,,,taxable,,0,,0,0,,,,,0,,,1000,試用品,,,,,,,,,,,,35,,,,,,,,,,,,,,,,,no,,,,,,,,,,,,,,,
18592,simple,,寵物顧眼專用光明頂,0,0,hidden,,,,,taxable,,0,,0,0,,,,,0,,,1400,試用品,,,,,,,,,,,,38,,,,,,,,,,,,,,,,,no,,,,,,,,,,,,,,,
18593,simple,,寵物補鈣專用求千尺,0,0,hidden,,,,,taxable,,0,,0,0,,,,,0,,,1400,試用品,,,,,,,,,,,,36,,,,,,,,,,,,,,,,,no,,,,,,,,,,,,,,,
19622,variation,,"寵物皮膚專用艾毛寶(瓶裝) - 單瓶艾毛寶",1,0,visible,,,,,taxable,parent,1,,0,0,,,,,0,,4000,4800,,,,https://pethospital.com.tw/wp-content/uploads/2021/12/xPETs_pic19.jpg,,,A01-2,,,"P01, C01, M150N90",,,1,規格,單瓶艾毛寶,,0,,,,,,,,,,,,,,,,,,,,,,,,,,,,
19623,variation,,"寵物皮膚專用艾毛寶(瓶裝) - 瓶裝艾毛寶加少賴皮",1,0,visible,,"<span style=""color:red"">限時</span>促銷價：
瓶裝艾毛寶<span style=""color:red"">加1元多贈一瓶少賴皮</span>，<strong>4001元</strong>就能1 1吃加洗。",,,taxable,parent,1,,0,0,,,,,0,,4001,4450,,,,https://pethospital.com.tw/wp-content/uploads/2018/08/031306.jpg,,,A01-2,,,"P01, C01, M150N90",,,2,規格,瓶裝艾毛寶加少賴皮,,0,,,,,,,,,,,,,,,,,,,,,,,,,,,,
19624,variation,,"少賴皮洗毛精(效期2027/1)買一贈一 - 瓶裝艾毛寶加少賴皮",1,0,visible,,"<span style=""color:red"">限時</span>促銷價： 瓶裝艾毛寶<span style=""color:red"">加1元多贈一瓶少賴皮</span>，<strong>4001元</strong>就能1 1吃加洗。",,,taxable,parent,1,,0,0,,,,,0,,4001,4450,,,,https://pethospital.com.tw/wp-content/uploads/2018/08/031306.jpg,,,C01,,,"P01, A01, M150N90",,,3,數量,瓶裝艾毛寶加少賴皮,,0,,,,,,,,,,,,,,,,,,,,,,,,,,,,
20052,simple,,M瓶裝艾毛寶兩件組,0,0,catalog,,,,,taxable,,0,,0,0,,,,,0,,,8000,優惠組合,,,https://pethospital.com.tw/wp-content/uploads/2024/12/艾毛寶瓶2.jpg,,,,,,,,,18,,,,,,,,,,,,,,,,,no,,,,,,,,,,,,,,,
20054,simple,,M瓶裝艾毛寶兩件搭購少賴皮,0,0,catalog,,,,,taxable,,0,,0,0,,,,,0,,,8450,優惠組合,,,https://pethospital.com.tw/wp-content/uploads/2024/12/艾毛寶瓶2賴1.jpg,,,,,,,,,17,,,,,,,,,,,,,,,,,no,,,,,,,,,,,,,,,
20056,simple,,M瓶裝艾毛寶三件組,0,0,catalog,,,,,taxable,,0,,0,0,,,,,0,,,12000,優惠組合,,,https://pethospital.com.tw/wp-content/uploads/2024/12/艾毛寶瓶3.jpg,,,,,,,,,15,,,,,,,,,,,,,,,,,no,,,,,,,,,,,,,,,
20058,simple,,M瓶裝艾毛寶三件加購少賴皮,0,0,catalog,,,,,taxable,,0,,0,0,,,,,0,,,12450,優惠組合,,,https://pethospital.com.tw/wp-content/uploads/2024/12/艾毛寶瓶3賴1.jpg,,,,,,,,,14,,,,,,,,,,,,,,,,,no,,,,,,,,,,,,,,,
20060,simple,,M瓶裝艾毛寶五件,0,0,catalog,,,,,taxable,,0,,0,0,,,,,0,,,20000,優惠組合,,,https://pethospital.com.tw/wp-content/uploads/2024/12/艾毛寶瓶5.jpg,,,,,,,,,16,,,,,,,,,,,,,,,,,no,,,,,,,,,,,,,,,
20063,simple,,M瓶裝艾毛寶加購草上飛,0,0,catalog,,,,,taxable,,0,,0,0,,,,,0,,,6000,優惠組合,,,https://pethospital.com.tw/wp-content/uploads/2024/12/艾毛寶瓶裝草上飛.jpg,,,,,,,,,19,,,,,,,,,,,,,,,,,no,,,,,,,,,,,,,,,
20065,simple,,M盒裝艾毛寶兩件,0,0,catalog,,,,,taxable,,0,,0,0,,,,,0,,,2400,優惠組合,,,https://pethospital.com.tw/wp-content/uploads/2024/12/艾毛寶盒裝2.jpg,,,,,,,,,22,,,,,,,,,,,,,,,,,no,,,,,,,,,,,,,,,
20067,simple,,M盒裝艾毛寶三件,0,0,catalog,,,,,taxable,,0,,0,0,,,,,0,,,3600,優惠組合,,,https://pethospital.com.tw/wp-content/uploads/2024/12/艾毛寶盒裝3.jpg,,,,,,,,,20,,,,,,,,,,,,,,,,,no,,,,,,,,,,,,,,,
20069,simple,,M盒裝艾毛寶五件,0,0,catalog,,,,,taxable,,0,,0,0,,,,,0,,,7200,優惠組合,,,https://pethospital.com.tw/wp-content/uploads/2024/12/艾毛寶盒裝5.jpg,,,,,,,,,21,,,,,,,,,,,,,,,,,no,,,,,,,,,,,,,,,
20070,simple,,M草上飛兩件,0,0,catalog,,,,,taxable,,0,,0,0,,,,,0,,,4000,優惠組合,,,https://pethospital.com.tw/wp-content/uploads/2024/12/草上飛2.jpg,,,,,,,,,25,,,,,,,,,,,,,,,,,no,,,,,,,,,,,,,,,
20072,simple,,M草上飛兩件加購少賴皮,0,0,catalog,,,,,taxable,,0,,0,0,,,,,0,,,4450,優惠組合,,,https://pethospital.com.tw/wp-content/uploads/2024/12/草上飛2賴1.jpg,,,,,,,,,26,,,,,,,,,,,,,,,,,no,,,,,,,,,,,,,,,
20074,simple,,M草上飛三件,0,0,catalog,,,,,taxable,,0,,0,0,,,,,0,,,6000,優惠組合,,,https://pethospital.com.tw/wp-content/uploads/2024/12/草上飛3.jpg,,,,,,,,,23,,,,,,,,,,,,,,,,,no,,,,,,,,,,,,,,,
20076,simple,,M草上飛五件,0,0,catalog,,,,,taxable,,0,,0,0,,,,,0,,,10000,優惠組合,,,https://pethospital.com.tw/wp-content/uploads/2024/12/草上飛5.jpg,,,,,,,,,24,,,,,,,,,,,,,,,,,no,,,,,,,,,,,,,,,
20078,simple,,M黑木童兩件,0,0,catalog,,,,,taxable,,0,,0,0,,,,,0,,,4000,優惠組合,,,https://pethospital.com.tw/wp-content/uploads/2024/12/黑2.jpg,,,,,,,,,29,,,,,,,,,,,,,,,,,no,,,,,,,,,,,,,,,
20080,simple,,M黑木童兩件加購少賴皮,0,0,catalog,,,,,taxable,,0,,0,0,,,,,0,,,4450,優惠組合,,,https://pethospital.com.tw/wp-content/uploads/2024/12/黑2賴1.jpg,,,,,,,,,30,,,,,,,,,,,,,,,,,no,,,,,,,,,,,,,,,
20082,simple,,M黑木童三件,0,0,catalog,,,,,taxable,,0,,0,0,,,,,0,,,6000,優惠組合,,,https://pethospital.com.tw/wp-content/uploads/2024/12/黑3.jpg,,,,,,,,,27,,,,,,,,,,,,,,,,,no,,,,,,,,,,,,,,,
20084,simple,,M黑木童五件,0,0,catalog,,,,,taxable,,0,,0,0,,,,,0,,,10000,優惠組合,,,https://pethospital.com.tw/wp-content/uploads/2024/12/黑5.jpg,,,,,,,,,28,,,,,,,,,,,,,,,,,no,,,,,,,,,,,,,,,
20086,simple,,M黑木童加購草上飛,0,0,catalog,,,,,taxable,,0,,0,0,,,,,0,,,4000,優惠組合,,,https://pethospital.com.tw/wp-content/uploads/2024/12/黑木瞳1草1.jpg,,,,,,,,,31,,,,,,,,,,,,,,,,,no,,,,,,,,,,,,,,,
